{
	"Routes": [
		{
			"UpstreamPathTemplate": "/",
			"UpstreamHttpMethod": [ "Get" ],
			"DownstreamPathTemplate": "/index.html",
			"DownstreamScheme": "http",
			"DownstreamHostAndPorts": [
				{
					"Host": "localhost",
					"Port": 8000
				}
			]
		},
		{
			"UpstreamPathTemplate": "/dev/security/{everything}",
			"UpstreamHttpMethod": [ "Get", "Post" ],
			"DownstreamPathTemplate": "/{everything}",
			"DownstreamScheme": "http",
			"DownstreamHostAndPorts": [
				{
					"Host": "localhost",
					"Port": 8001
				}
			],
			"RouteIsCaseSensitive": false,
			"SwaggerKey": "CrediMujerSeguridad"

		},
		{
			"UpstreamPathTemplate": "/dev/asociado/{everything}",
			"UpstreamHttpMethod": [ "Get", "Post" ],
			"DownstreamPathTemplate": "/{everything}",
			"DownstreamScheme": "http",
			"DownstreamHostAndPorts": [
				{
					"Host": "localhost",
					"Port": 8002
				}
			],
			"RouteIsCaseSensitive": false,
			"SwaggerKey": "CrediMujerAsociado"

		}

	],
	"SwaggerEndPoints": [
		{
			"Key": "CrediMujerSeguridad",
			"Config": [
				{
					"Name": "Seguridad API",
					"Version": "v1",
					"Url": "http://localhost:8001/swagger/v1/swagger.json"
				}
			]
		},
		{
			"Key": "CrediMujerAsociado",
			"Config": [
				{
					"Name": "Asociado API",
					"Version": "v1",
					"Url": "http://localhost:8002/swagger/v1/swagger.json"
				}
			]
		}
	],
	"GlobalConfiguration": {
		"RequestIdKey": "OcRequestId",
		"AdministrationPath": "/administration"
	}
}
